method,fold,acc
AFT_XGboost,1,74.60106383
AFT_XGboost,2,68.80769231
mmit,1,73.92510402
mmit,2,78.02419355
linear,1,79.05686546
linear,2,80.04032258
mlp,1,78.59042553
mlp,2,78.65384615
gru,1,78.19148936
gru,2,80.96153846
