method,fold,acc
cnn,1,93.85245901639344
cnn,2,94.29763560500696
cnn,3,93.61702127659576
cnn,4,93.61997226074897
cnn,5,92.28687415426252
cnn,6,93.40511440107672
