method,fold,acc
cnn,1,97.71929824561404
cnn,2,97.71929824561404
cnn,3,97.5438596491228
cnn,4,96.84210526315788
cnn,5,97.89103690685414
cnn,6,97.53954305799648
